City_ID,City,Country,Date,Lat,Lng,Max Temp,Humidity,Cloudiness,Wind Speed
0,Salalah,OM,2022-07-16 15:28:23,17.0151,54.0924,77.86,94,100,6.85
1,Busselton,AU,2022-07-16 15:28:23,-33.65,115.3333,56.93,75,81,5.48
2,Kahului,US,2022-07-16 15:28:23,20.8947,-156.47,77.85,80,0,18.41
3,Geraldton,AU,2022-07-16 15:28:24,-28.7667,114.6,54.01,87,100,3.44
4,Aksu,CN,2022-07-16 15:28:24,41.1231,80.2644,84.22,26,0,6.11
5,Ilulissat,GL,2022-07-16 15:28:24,69.2167,-51.1,42.82,81,75,4.61
6,Pisco,PE,2022-07-16 15:28:25,-13.7,-76.2167,64.45,68,100,5.75
7,Clyde River,CA,2022-07-16 15:26:30,70.4692,-68.5914,50.23,57,75,19.57
8,Cidreira,BR,2022-07-16 15:28:25,-30.1811,-50.2056,64.96,95,100,1.88
9,Saint-Philippe,RE,2022-07-16 15:28:25,-21.3585,55.7679,69.39,75,72,12.12
10,Guerrero Negro,MX,2022-07-16 15:28:26,27.9769,-114.0611,69.35,75,11,12.03
11,Bam,IR,2022-07-16 15:28:26,29.106,58.357,95.05,7,91,10.07
12,Bluff,NZ,2022-07-16 15:28:26,-46.6,168.3333,41.81,81,62,14.5
13,Los Llanos De Aridane,ES,2022-07-16 15:28:27,28.6585,-17.9182,73.15,80,20,14.97
14,Hasaki,JP,2022-07-16 15:28:27,35.7333,140.8333,72.28,97,100,15.99
15,Port Alfred,ZA,2022-07-16 15:28:27,-33.5906,26.891,68.18,70,64,1.99
16,Rikitea,PF,2022-07-16 15:28:27,-23.1203,-134.9692,72.05,79,100,19.55
17,Kem,RU,2022-07-16 15:28:28,64.9555,34.5793,61.32,70,90,6.71
18,Albany,US,2022-07-16 15:27:34,42.6001,-73.9662,80.64,63,100,1.99
19,Qaanaaq,GL,2022-07-16 15:28:28,77.484,-69.3632,54.12,54,12,3.65
20,Butaritari,KI,2022-07-16 15:28:29,3.0707,172.7902,77.92,88,100,12.37
21,Isiro,CD,2022-07-16 15:28:29,2.7739,27.616,80.2,62,76,2.48
22,Victoria,HK,2022-07-16 15:24:05,22.2855,114.1577,87.85,79,100,11.99
23,Ushuaia,AR,2022-07-16 15:28:29,-54.8,-68.3,40.66,56,40,2.3
24,Hermanus,ZA,2022-07-16 15:28:30,-34.4187,19.2345,71.8,52,16,3.0
25,Orlik,RU,2022-07-16 15:28:30,52.5178,99.825,51.49,66,95,1.95
26,Naica,MX,2022-07-16 15:28:30,27.85,-105.4833,79.54,41,32,7.65
27,Kruisfontein,ZA,2022-07-16 15:28:31,-34.0033,24.7314,75.88,27,0,6.13
28,Dikson,RU,2022-07-16 15:28:31,73.5069,80.5464,47.57,72,19,6.82
29,Bumba,CD,2022-07-16 15:28:31,2.1833,22.4667,82.35,61,75,3.24
30,Baiyin,CN,2022-07-16 15:28:32,36.5583,104.2081,66.18,42,93,3.33
31,Saint-Augustin,CA,2022-07-16 15:28:32,51.226,-58.6502,67.15,50,48,9.55
32,Yellowknife,CA,2022-07-16 15:28:17,62.456,-114.3525,63.12,72,20,0.0
33,Vaini,TO,2022-07-16 15:28:32,-21.2,-175.2,69.96,100,20,3.44
34,Kudahuvadhoo,MV,2022-07-16 15:28:33,2.6708,72.8944,83.68,75,23,9.62
35,Kapaa,US,2022-07-16 15:28:33,22.0752,-159.319,79.12,84,100,14.97
36,Cape Town,ZA,2022-07-16 15:24:14,-33.9258,18.4232,77.41,35,0,5.99
37,New Norfolk,AU,2022-07-16 15:28:34,-42.7826,147.0587,49.71,76,99,1.01
38,Vestmannaeyjar,IS,2022-07-16 15:28:34,63.4427,-20.2734,50.99,93,100,13.8
39,Kaitangata,NZ,2022-07-16 15:28:34,-46.2817,169.8464,38.17,73,11,8.21
40,Katsuura,JP,2022-07-16 15:27:40,35.1333,140.3,75.22,97,100,12.93
41,Hirara,JP,2022-07-16 15:28:35,24.8,125.2833,84.2,87,100,13.67
42,Norman Wells,CA,2022-07-16 15:28:35,65.282,-126.8329,59.04,72,75,16.11
43,Okhotsk,RU,2022-07-16 15:28:35,59.3833,143.3,54.09,94,45,3.18
44,Berlevag,NO,2022-07-16 15:28:35,70.8578,29.0864,51.8,100,100,18.41
45,Provideniya,RU,2022-07-16 15:28:36,64.3833,-173.3,48.24,64,100,4.76
46,Grass Valley,US,2022-07-16 15:28:28,39.2191,-121.0611,84.58,41,0,1.01
47,Manzhouli,CN,2022-07-16 15:28:36,49.6,117.4333,64.17,91,100,5.12
48,Maidstone,GB,2022-07-16 15:29:36,51.2667,0.5167,83.52,49,18,12.46
49,Whitehorse,CA,2022-07-16 15:29:37,60.7161,-135.0538,54.37,75,75,10.36
50,Esperance,AU,2022-07-16 15:29:37,-33.8667,121.9,46.24,70,100,3.8
51,Russell,US,2022-07-16 15:29:37,32.3502,-85.1999,83.91,69,0,0.0
52,Havoysund,NO,2022-07-16 15:29:38,70.9963,24.6622,52.03,92,100,9.91
53,Puerto Ayora,EC,2022-07-16 15:29:38,-0.7393,-90.3518,70.56,91,89,5.99
54,Galveston,US,2022-07-16 15:29:38,29.3669,-94.9669,90.0,74,31,2.26
55,Barrow,US,2022-07-16 15:29:39,71.2906,-156.7887,35.62,87,100,0.0
56,Koscierzyna,PL,2022-07-16 15:29:39,54.1223,17.9812,59.38,86,100,13.49
57,East London,ZA,2022-07-16 15:29:39,-33.0153,27.9116,68.94,68,0,5.75
58,Lithakia,GR,2022-07-16 15:29:21,37.7167,20.8333,96.08,28,0,9.22
59,Mizque,BO,2022-07-16 15:29:40,-17.941,-65.3402,73.4,18,6,1.74
60,Tukrah,LY,2022-07-16 15:29:40,32.5341,20.5791,81.81,57,0,14.2
61,Kuah,MY,2022-07-16 15:29:40,6.3265,99.8432,82.38,89,20,1.14
62,Jamestown,US,2022-07-16 15:27:32,42.097,-79.2353,74.52,49,100,4.61
63,Oktyabrskiy,RU,2022-07-16 15:29:41,54.4815,53.471,73.15,74,0,5.68
64,Tuatapere,NZ,2022-07-16 15:29:41,-46.1333,167.6833,41.99,91,92,6.53
65,Gorontalo,ID,2022-07-16 15:25:02,0.5412,123.0595,74.82,93,100,3.22
66,Khatanga,RU,2022-07-16 15:29:41,71.9667,102.5,61.0,55,91,6.82
67,Manavgat,TR,2022-07-16 15:29:42,36.7867,31.4431,85.6,56,0,7.31
68,Mataura,NZ,2022-07-16 15:29:42,-46.1927,168.8643,41.49,86,37,4.12
69,Saskylakh,RU,2022-07-16 15:29:42,71.9167,114.0833,55.78,63,35,10.51
70,Palmer,US,2022-07-16 15:25:08,42.1584,-72.3287,80.51,62,100,5.75
71,Cabo San Lucas,MX,2022-07-16 15:29:43,22.8909,-109.9124,83.61,78,20,3.44
72,Luderitz,NA,2022-07-16 15:29:43,-26.6481,15.1594,73.76,35,0,5.37
73,Kampene,CD,2022-07-16 15:29:44,-3.6,26.6667,90.37,31,70,3.2
74,Lompoc,US,2022-07-16 15:29:44,34.6391,-120.4579,57.61,96,100,0.0
75,Jiuquan,CN,2022-07-16 15:29:44,39.7432,98.5174,74.12,24,77,8.55
76,Saldanha,ZA,2022-07-16 15:29:45,-33.0117,17.9442,75.25,48,35,10.04
77,Lebu,CL,2022-07-16 15:29:45,-37.6167,-73.65,46.36,79,95,10.98
78,Baykit,RU,2022-07-16 15:29:45,61.67,96.37,53.2,94,62,1.25
79,Senanga,ZM,2022-07-16 15:29:46,-16.1167,23.2667,77.86,20,1,10.51
80,Iqaluit,CA,2022-07-16 15:29:46,63.7506,-68.5145,58.73,58,100,20.71
81,Hilo,US,2022-07-16 15:29:46,19.7297,-155.09,79.29,100,100,4.61
82,Kodiak,US,2022-07-16 15:29:46,57.79,-152.4072,56.71,82,75,4.61
83,Kalianget,ID,2022-07-16 15:29:47,-7.05,113.9333,81.32,76,36,9.42
84,Harper,LR,2022-07-16 15:29:47,4.375,-7.7169,77.86,77,99,11.45
85,Cruzeiro Do Sul,BR,2022-07-16 15:29:47,-29.5128,-51.9853,75.51,81,100,8.3
86,Lagos,NG,2022-07-16 15:26:49,6.5833,3.75,84.52,75,98,9.89
87,Hobart,AU,2022-07-16 15:25:25,-42.8794,147.3294,50.25,73,40,13.8
88,Patiya,BD,2022-07-16 15:29:48,22.2931,91.9762,85.95,79,75,5.75
89,Kidal,ML,2022-07-16 15:29:48,18.4411,1.4078,104.22,17,78,6.31
90,Walvis Bay,NA,2022-07-16 15:29:48,-22.9575,14.5053,94.15,10,0,9.22
91,Guiglo,CI,2022-07-16 15:29:49,6.5456,-7.4966,85.42,62,58,3.96
92,Rodrigues Alves,BR,2022-07-16 15:29:49,-7.738,-72.6509,88.0,60,27,4.36
93,Malatya,TR,2022-07-16 15:29:49,38.5,38.0,89.65,21,20,19.57
94,Tasiilaq,GL,2022-07-16 15:29:50,65.6145,-37.6368,53.76,76,100,1.03
95,Belen,TR,2022-07-16 15:30:50,36.4891,36.2233,80.74,55,0,19.57
96,Peleduy,RU,2022-07-16 15:30:50,59.6289,112.7406,57.76,93,100,1.19
97,Souillac,MU,2022-07-16 15:30:51,-20.5167,57.5167,70.18,73,40,10.36
98,Landeck,AT,2022-07-16 15:30:51,47.1301,10.5636,83.14,42,10,8.23
99,Sao Francisco De Assis,BR,2022-07-16 15:30:51,-29.5503,-55.1311,61.16,96,91,14.47
100,Hofn,IS,2022-07-16 15:30:52,64.2539,-15.2082,51.1,95,100,8.03
101,Charters Towers,AU,2022-07-16 15:30:52,-20.1,146.2667,54.81,91,0,8.3
102,Boende,CD,2022-07-16 15:30:52,-0.2167,20.8667,77.29,80,93,1.3
103,San Quintin,MX,2022-07-16 15:30:53,30.4833,-115.95,70.74,73,1,7.45
104,Beringovskiy,RU,2022-07-16 15:30:53,63.05,179.3167,49.91,78,83,7.09
105,Talaya,RU,2022-07-16 15:30:53,61.3833,152.75,64.47,84,98,3.69
106,Port Pirie,AU,2022-07-16 15:30:54,-33.1833,138.0167,53.42,93,3,11.9
107,Castro,BR,2022-07-16 15:30:54,-24.7911,-50.0119,74.68,48,72,15.28
108,Saint Anthony,US,2022-07-16 15:30:16,45.0205,-93.218,84.11,70,75,5.75
109,Saint George,US,2022-07-16 15:30:16,37.1041,-113.5841,94.42,30,0,4.61
110,Tautira,PF,2022-07-16 15:30:55,-17.7333,-149.15,75.65,60,78,23.78
111,Grand Gaube,MU,2022-07-16 15:30:55,-20.0064,57.6608,70.38,69,11,5.99
112,Burnie,AU,2022-07-16 15:30:55,-41.0667,145.9167,49.95,93,100,26.44
113,Ancud,CL,2022-07-16 15:30:55,-41.8697,-73.8203,43.23,76,100,15.52
114,Nishihara,JP,2022-07-16 15:30:56,26.1842,127.7558,84.25,86,40,14.97
115,Yauya,PE,2022-07-16 15:30:56,-8.9833,-77.3,56.35,53,83,3.8
116,Asau,RO,2022-07-16 15:30:56,46.4333,26.4,81.52,29,9,11.01
117,Port Elizabeth,ZA,2022-07-16 15:30:57,-33.918,25.5701,77.29,31,0,6.91
118,Marystown,CA,2022-07-16 15:30:57,47.1666,-55.1483,66.85,100,5,10.0
119,Havelock,US,2022-07-16 15:26:53,34.8791,-76.9013,84.02,84,75,9.22
120,Guerrero,MX,2022-07-16 15:30:58,17.6667,-100.0,72.43,81,94,3.22
121,Pevek,RU,2022-07-16 15:30:58,69.7008,170.3133,33.08,94,100,7.76
122,Upernavik,GL,2022-07-16 15:30:58,72.7868,-56.1549,48.56,58,71,4.47
123,Sakaiminato,JP,2022-07-16 15:30:59,35.55,133.2333,73.38,94,75,3.44
124,Constitucion,CL,2022-07-16 15:28:40,-35.3333,-72.4167,48.97,76,84,6.26
125,Sorong,ID,2022-07-16 15:30:59,-0.8833,131.25,78.71,82,100,4.52
126,Touros,BR,2022-07-16 15:30:59,-5.1989,-35.4608,82.56,69,46,17.43
127,Maloy,NO,2022-07-16 15:31:00,61.9353,5.1136,53.33,76,98,5.57
128,Basoko,CD,2022-07-16 15:31:00,1.2391,23.616,78.98,76,44,3.29
129,La Ronge,CA,2022-07-16 15:31:00,55.1001,-105.2842,68.25,68,75,18.41
130,Kavieng,PG,2022-07-16 15:31:01,-2.5744,150.7967,80.62,81,5,10.69
131,Vilyuysk,RU,2022-07-16 15:31:01,63.7553,121.6247,66.16,98,100,4.99
132,Aykhal,RU,2022-07-16 15:31:02,66.0,111.5,53.13,87,100,16.15
133,Sistranda,NO,2022-07-16 15:31:02,63.7256,8.834,51.76,79,100,22.3
134,Carnarvon,AU,2022-07-16 15:31:02,-24.8667,113.6333,68.27,50,77,7.14
135,San Patricio,US,2022-07-16 15:31:03,28.017,-97.5169,87.91,49,25,9.46
136,Yar-Sale,RU,2022-07-16 15:31:03,66.8333,70.8333,60.89,56,22,7.7
137,Tiarei,PF,2022-07-16 15:32:03,-17.5333,-149.3333,68.02,66,61,26.08
138,Hithadhoo,MV,2022-07-16 15:32:03,-0.6,73.0833,83.39,77,36,15.01
139,Manica,FR,2022-07-16 15:32:04,49.0,-1.1667,83.35,27,38,11.45
140,Pyaozerskiy,RU,2022-07-16 15:32:04,65.8333,31.1667,64.51,59,100,5.1
141,Bay Saint Louis,US,2022-07-16 15:32:04,30.3088,-89.33,89.02,79,75,3.44
142,Georgetown,MY,2022-07-16 15:27:54,5.4112,100.3354,83.95,85,20,0.0
143,Atuona,PF,2022-07-16 15:32:05,-9.8,-139.0333,76.41,78,24,13.18
144,Tuktoyaktuk,CA,2022-07-16 15:32:06,69.4541,-133.0374,55.4,67,75,12.66
145,Pombia,IT,2022-07-16 15:32:06,45.653,8.6336,96.19,37,0,8.05
146,Mtwara,TZ,2022-07-16 15:32:07,-10.2667,40.1833,73.67,69,23,16.44
147,Watertown,US,2022-07-16 15:30:36,42.3709,-71.1828,84.99,45,0,8.05
148,Talavera,PH,2022-07-16 15:32:07,15.6167,120.9333,76.96,95,100,2.26
149,Guebwiller,FR,2022-07-16 15:32:08,47.9167,7.2,84.43,28,0,8.99
150,Sorgun,TR,2022-07-16 15:32:08,39.8101,35.186,69.8,57,1,14.18
151,Avarua,CK,2022-07-16 15:32:08,-21.2078,-159.775,73.45,73,40,17.27
152,Saint-Georges,GD,2022-07-16 15:31:01,12.0564,-61.7485,85.68,74,40,20.71
153,Chunhuhub,MX,2022-07-16 15:32:09,19.55,-88.6833,89.85,45,65,3.94
154,Bela,IN,2022-07-16 15:32:09,25.9333,81.9833,100.44,33,56,15.41
155,Verkhnetulomskiy,RU,2022-07-16 15:32:09,68.6073,31.7962,60.93,94,100,4.03
156,Byron Bay,AU,2022-07-16 15:31:14,-28.65,153.6167,51.71,82,1,8.88
157,Chara,RU,2022-07-16 15:32:10,56.9064,118.2631,63.68,89,89,1.3
158,Buala,SB,2022-07-16 15:32:10,-8.145,159.5921,79.0,83,90,10.0
159,Vao,NC,2022-07-16 15:32:10,-22.6667,167.4833,68.5,58,0,23.94
160,Indramayu,ID,2022-07-16 15:32:11,-6.3264,108.32,81.0,76,100,10.54
161,Necochea,AR,2022-07-16 15:32:11,-38.5473,-58.7368,47.64,75,100,25.1
162,Iranshahr,IR,2022-07-16 15:32:11,27.2025,60.6848,100.74,18,0,0.0
163,Saint-Michel-Des-Saints,CA,2022-07-16 15:32:12,46.6834,-73.9159,79.93,37,33,10.69
164,Fare,PF,2022-07-16 15:32:12,-16.7,-151.0167,76.33,70,38,24.94
165,Ust-Nera,RU,2022-07-16 15:32:12,64.5667,143.2,66.69,70,29,3.83
166,Savannah Bight,HN,2022-07-16 15:32:13,16.45,-85.85,81.63,75,100,12.73
167,Bredasdorp,ZA,2022-07-16 15:32:13,-34.5322,20.0403,65.01,53,44,3.13
168,Punta Arenas,CL,2022-07-16 15:27:57,-53.15,-70.9167,32.11,93,75,8.05
169,Fairbanks,US,2022-07-16 15:30:39,64.8378,-147.7164,55.09,93,100,4.61
170,Brae,GB,2022-07-16 15:32:14,60.3964,-1.353,52.41,92,100,16.91
171,Kavaratti,IN,2022-07-16 15:32:14,10.5669,72.642,81.75,85,100,15.46
172,Rio Grande,BR,2022-07-16 15:32:15,-32.035,-52.0986,62.71,97,100,16.53
173,Westport,US,2022-07-16 15:28:21,41.1415,-73.3579,80.35,84,40,8.05
174,Tonantins,BR,2022-07-16 15:32:15,-2.8731,-67.8022,87.67,61,32,2.89
175,Prince Rupert,CA,2022-07-16 15:32:15,54.3161,-130.3201,53.69,97,100,5.75
176,Boguchany,RU,2022-07-16 15:32:16,58.3814,97.4531,55.98,87,86,1.52
177,Isangel,VU,2022-07-16 15:33:16,-19.55,169.2667,68.11,88,100,0.0
178,Valparaiso,CL,2022-07-16 15:33:16,-33.0393,-71.6273,52.03,77,0,2.3
179,Nikolskoye,RU,2022-07-16 15:33:17,59.7035,30.7861,66.09,60,43,7.27
180,Lavrentiya,RU,2022-07-16 15:33:17,65.5833,-171.0,43.93,73,86,4.92
181,Paamiut,GL,2022-07-16 15:33:17,61.994,-49.6678,40.39,86,100,8.63
182,La Asuncion,VE,2022-07-16 15:33:17,11.0333,-63.8628,82.51,73,33,12.57
183,Miramar,US,2022-07-16 15:33:18,25.9873,-80.2323,91.99,66,75,13.8
184,Rio Verde De Mato Grosso,BR,2022-07-16 15:33:18,-18.9181,-54.8442,92.84,25,83,15.61
185,Huainan,CN,2022-07-16 15:33:18,32.6264,116.9969,81.93,80,100,4.14
186,Valkeala,FI,2022-07-16 15:33:19,60.9401,26.7979,57.6,72,75,9.22
187,Alugan,PH,2022-07-16 15:33:19,12.2188,125.4808,81.57,80,77,5.1
188,Hirado,JP,2022-07-16 15:33:19,33.3597,129.5531,75.38,84,100,8.95
189,Muros,ES,2022-07-16 15:33:20,42.7762,-9.0603,69.33,72,45,8.75
190,Faya,SA,2022-07-16 15:33:20,18.3851,42.4509,77.11,41,90,5.86
191,Nayoro,JP,2022-07-16 15:33:20,44.3506,142.4578,63.54,93,100,2.8
192,Barabinsk,RU,2022-07-16 15:33:20,55.3571,78.357,59.95,81,83,4.12
193,Vredendal,ZA,2022-07-16 15:33:21,-31.6683,18.5012,72.97,21,4,5.88
194,Ryotsu,JP,2022-07-16 15:33:21,38.0833,138.4333,77.18,83,100,6.33
195,Inongo,CD,2022-07-16 15:33:21,-1.95,18.2667,77.25,54,85,2.68
196,Mehriz,IR,2022-07-16 15:33:22,31.5917,54.4318,91.9,9,0,12.73
197,Vardo,NO,2022-07-16 15:33:22,70.3705,31.1107,51.78,93,75,32.21
198,Alice Springs,AU,2022-07-16 15:33:22,-23.7,133.8833,38.75,33,5,5.75
199,Kandrian,PG,2022-07-16 15:33:23,-6.2167,149.55,78.06,89,94,13.2
200,Oktyabrskoye,RU,2022-07-16 15:33:23,43.0645,44.7417,78.94,61,75,13.42
201,Vanino,RU,2022-07-16 15:33:23,49.0869,140.2543,53.11,98,100,1.3
202,Kargil,IN,2022-07-16 15:33:24,34.5667,76.1,62.13,46,89,7.05
203,San Rafael,AR,2022-07-16 15:33:24,-34.6177,-68.3301,43.11,54,12,7.63
204,Ishigaki,JP,2022-07-16 15:33:24,24.3448,124.1572,84.33,94,100,4.61
205,Riyadh,SA,2022-07-16 15:28:38,24.6877,46.7219,107.74,7,87,9.31
206,Tokur,RU,2022-07-16 15:33:25,53.1333,132.9,61.68,91,95,2.57
207,Parana,AR,2022-07-16 15:33:25,-31.732,-60.5238,50.56,81,100,15.28
208,Makakilo City,US,2022-07-16 15:33:25,21.3469,-158.0858,77.32,71,20,6.91
209,Kendari,ID,2022-07-16 15:33:26,-3.945,122.4989,74.88,89,81,3.29
210,Damoh,IN,2022-07-16 15:33:26,23.8333,79.45,78.28,90,99,13.65
211,Marawi,PH,2022-07-16 15:33:26,7.9986,124.2928,69.33,94,100,3.96
212,Elmira,US,2022-07-16 15:33:27,42.0898,-76.8077,81.79,61,100,4.97
213,Nelson Bay,AU,2022-07-16 15:33:27,-32.7167,152.15,55.0,81,94,7.0
214,Mehamn,NO,2022-07-16 15:33:27,71.0357,27.8492,51.75,93,100,10.36
215,Codrington,AU,2022-07-16 15:33:27,-38.2667,141.9667,53.65,86,100,18.34
216,Hami,CN,2022-07-16 15:33:28,42.8,93.45,87.64,15,100,8.61
217,Katherine,AU,2022-07-16 15:33:28,-14.4667,132.2667,57.52,72,46,4.61
218,Zemio,CF,2022-07-16 15:33:28,5.0314,25.1361,69.73,97,98,4.7
219,Tabuny,RU,2022-07-16 15:33:29,52.7773,78.7896,65.1,63,70,7.85
220,Matehuala,MX,2022-07-16 15:32:30,23.65,-100.65,72.66,39,66,9.15
221,Togur,RU,2022-07-16 15:33:29,58.3631,82.8265,53.62,96,100,5.97
222,Los Algarrobos,PA,2022-07-16 15:33:30,8.5,-82.4333,81.01,78,20,4.61
223,San Cristobal,VE,2022-07-16 15:33:30,7.7669,-72.225,77.18,40,66,7.38
224,Kharan,PK,2022-07-16 15:34:30,28.5833,65.4167,94.21,34,42,9.57
225,Agadez,NE,2022-07-16 15:34:14,19.75,10.25,95.9,29,80,10.58
226,Sao Joao Da Barra,BR,2022-07-16 15:34:31,-21.6403,-41.0511,84.29,64,40,15.73
227,Valencia,ES,2022-07-16 15:34:31,39.3333,-0.8333,94.89,17,0,13.44
228,Talnakh,RU,2022-07-16 15:34:31,69.4865,88.3972,70.21,46,12,6.55
229,Armidale,AU,2022-07-16 15:32:17,-30.5167,151.65,39.16,76,90,7.52
230,Bereslavka,RU,2022-07-16 15:34:32,48.6254,44.0449,81.37,38,98,1.83
231,Apiai,BR,2022-07-16 15:29:39,-24.5094,-48.8425,80.1,39,90,1.01
232,Rapid Valley,US,2022-07-16 15:34:32,44.0625,-103.1463,82.42,64,0,5.75
233,Timizart,DZ,2022-07-16 15:34:33,36.8,4.2667,92.03,34,0,9.69
234,Tual,ID,2022-07-16 15:34:33,-5.6667,132.75,78.64,83,100,23.67
235,Sao Filipe,CV,2022-07-16 15:34:33,14.8961,-24.4956,76.14,81,14,5.66
236,Lorengau,PG,2022-07-16 15:34:33,-2.0226,147.2712,81.3,80,7,9.64
237,Sao Jose Da Coroa Grande,BR,2022-07-16 15:34:34,-8.8978,-35.1478,78.1,80,42,14.81
238,Jibuti,DJ,2022-07-16 15:34:34,11.5,42.5,99.05,22,77,5.75
239,Jaszdozsa,HU,2022-07-16 15:34:34,47.5661,20.0153,86.11,22,44,13.47
240,Kieta,PG,2022-07-16 15:34:35,-6.2167,155.6333,77.79,85,100,6.46
241,Winnemucca,US,2022-07-16 15:34:35,40.973,-117.7357,75.25,29,0,3.44
242,Hamilton,US,2022-07-16 15:34:35,39.1834,-84.5333,85.73,64,0,10.36
243,Airai,TL,2022-07-16 15:34:35,-8.9266,125.4092,54.19,85,43,3.44
244,Roma,US,2022-07-16 15:33:42,43.2128,-75.4557,81.68,66,0,3.44
245,Dubbo,AU,2022-07-16 15:30:47,-32.25,148.6167,39.33,81,0,8.05
246,Nanortalik,GL,2022-07-16 15:34:36,60.1432,-45.2371,41.88,87,100,2.13
247,Tyukalinsk,RU,2022-07-16 15:34:37,55.8732,72.1967,62.31,85,100,7.94
248,Mar Del Plata,AR,2022-07-16 15:34:37,-38.0023,-57.5575,50.09,78,100,17.27
249,Laguna,US,2022-07-16 15:32:12,38.421,-121.4238,88.97,67,0,3.44
250,Buin,CL,2022-07-16 15:34:37,-33.7333,-70.75,48.74,61,38,1.07
251,Severo-Kurilsk,RU,2022-07-16 15:34:38,50.6789,156.125,52.92,97,99,4.9
252,Labrea,BR,2022-07-16 15:34:38,-7.2586,-64.7981,83.89,81,28,3.53
253,Safford,US,2022-07-16 15:34:38,32.834,-109.7076,93.11,35,0,5.75
254,Naze,JP,2022-07-16 15:34:39,28.3667,129.4833,77.92,91,100,10.51
255,Coquimbo,CL,2022-07-16 15:34:39,-29.9533,-71.3436,51.53,66,0,6.91
256,Zhuhai,CN,2022-07-16 15:34:39,22.2769,113.5678,87.85,84,40,17.27
257,Menongue,AO,2022-07-16 15:34:40,-14.6585,17.691,74.75,21,0,6.17
258,Pacific Grove,US,2022-07-16 15:31:27,36.6177,-121.9166,59.43,94,100,4.61
259,Fortuna,US,2022-07-16 15:29:52,40.5982,-124.1573,59.92,92,100,3.0
260,Saint-Denis,FR,2022-07-16 15:34:40,48.9167,2.3333,86.23,32,0,12.66
261,Yumen,CN,2022-07-16 15:34:41,40.2833,97.2,75.78,27,95,5.14
262,Cotonou,BJ,2022-07-16 15:31:22,6.3654,2.4183,80.58,78,40,17.27
263,Toma,BF,2022-07-16 15:34:41,12.7667,-2.8833,90.14,48,99,8.55
264,Imbituba,BR,2022-07-16 15:34:42,-28.24,-48.6703,73.09,78,100,8.99
265,Ponta Do Sol,PT,2022-07-16 15:34:42,32.6667,-17.1,77.13,73,18,8.16
266,Staryy Merchyk,UA,2022-07-16 15:34:42,49.9815,35.759,67.57,68,58,12.91
267,Morros,BR,2022-07-16 15:34:42,-9.4467,-46.3003,91.96,22,59,6.42
268,Talagang,PK,2022-07-16 15:34:43,32.9297,72.4158,92.98,43,16,4.29
269,Kishi,NG,2022-07-16 15:35:43,9.0833,3.85,80.26,70,100,9.48
270,Arlit,NE,2022-07-16 15:35:43,18.7369,7.3853,83.5,53,41,20.58
271,Babushkin,RU,2022-07-16 15:35:44,51.7122,105.8647,54.64,70,0,6.76
272,Pemberton,CA,2022-07-16 15:35:44,50.3164,-122.8027,58.69,93,100,1.83
273,Buraydah,SA,2022-07-16 15:35:44,26.326,43.975,106.25,7,27,8.81
274,Sheltozero,RU,2022-07-16 15:35:45,61.3667,35.3667,64.29,54,95,6.8
275,Te Anau,NZ,2022-07-16 15:35:45,-45.4167,167.7167,42.13,90,99,6.4
276,La Louviere,BE,2022-07-16 15:35:45,50.4735,4.1563,77.34,45,39,3.0
277,Grindavik,IS,2022-07-16 15:35:46,63.8424,-22.4338,55.35,87,75,16.11
278,Pinheiro Machado,BR,2022-07-16 15:35:46,-31.5783,-53.3811,52.05,99,99,1.43
279,Zhezkazgan,KZ,2022-07-16 15:35:46,47.8043,67.7144,90.39,14,0,18.1
280,Sorsk,RU,2022-07-16 15:35:46,54.0033,90.2467,53.78,79,97,3.22
281,Bethel,US,2022-07-16 15:35:47,41.3712,-73.414,78.46,78,100,0.0
282,Lhokseumawe,ID,2022-07-16 15:32:16,5.1801,97.1507,79.48,83,79,2.19
283,Voljevac,BA,2022-07-16 15:35:47,43.8786,17.6592,68.49,81,70,2.19
284,Mongo,TD,2022-07-16 15:35:47,12.1844,18.693,77.81,76,100,3.13
285,Dwarka,IN,2022-07-16 15:35:48,22.2394,68.9678,83.89,85,97,24.43
286,Fort Nelson,CA,2022-07-16 15:35:48,58.8053,-122.7002,56.79,100,75,4.61
287,Hobyo,SO,2022-07-16 15:35:48,5.3505,48.5268,78.71,67,96,30.2
288,Tibiri,NE,2022-07-16 15:35:49,13.5627,7.0485,82.83,60,97,6.62
289,Husavik,IS,2022-07-16 15:35:49,66.0449,-17.3389,56.23,71,79,5.37
290,Kloulklubed,PW,2022-07-16 15:35:49,7.0419,134.2556,73.9,81,100,10.33
291,Pangnirtung,CA,2022-07-16 15:35:50,66.1451,-65.7125,53.6,66,20,14.97
292,Arraial Do Cabo,BR,2022-07-16 15:35:50,-22.9661,-42.0278,82.36,57,0,10.36
293,Taoudenni,ML,2022-07-16 15:35:50,22.6783,-3.9836,116.17,7,1,7.29
294,Upata,VE,2022-07-16 15:35:50,8.0086,-62.3989,81.19,75,67,5.61
295,Dingle,PH,2022-07-16 15:35:51,10.9995,122.6711,77.49,90,100,1.59
296,Alyangula,AU,2022-07-16 15:35:51,-13.8483,136.4192,65.44,74,7,8.37
297,Arriana,GR,2022-07-16 15:35:51,41.0833,25.7,88.86,38,64,4.09
298,Nome,US,2022-07-16 15:33:18,64.5011,-165.4064,44.67,76,0,0.0
299,Neka,IR,2022-07-16 15:35:52,36.6508,53.299,85.51,70,0,6.91
300,Nadym,RU,2022-07-16 15:35:52,65.5333,72.5167,65.75,50,37,8.66
301,Nanzhou,CN,2022-07-16 15:35:52,29.3596,112.4024,85.84,75,100,2.57
302,Malindi,KE,2022-07-16 15:35:53,-3.2175,40.1191,77.16,78,75,11.5
303,Karratha,AU,2022-07-16 15:35:53,-20.7377,116.8463,66.06,60,72,1.52
304,Broome,US,2022-07-16 15:35:53,42.2506,-75.833,78.85,72,100,3.0
305,Tezu,IN,2022-07-16 15:35:53,27.9167,96.1667,79.83,93,44,4.0
306,Mamallapuram,IN,2022-07-16 15:35:54,12.6264,80.1722,82.45,59,100,15.23
307,Keetmanshoop,NA,2022-07-16 15:35:54,-26.5833,18.1333,71.06,14,0,10.78
308,Adrar,MR,2022-07-16 15:35:55,20.5022,-10.0711,110.52,6,29,23.26
309,Acu,BR,2022-07-16 15:35:55,-5.5767,-36.9086,91.27,39,61,12.77
310,Tarrafal,CV,2022-07-16 15:35:55,15.2833,-23.7667,81.39,79,11,8.52
311,Yerbogachen,RU,2022-07-16 15:35:55,61.2767,108.0108,56.14,76,92,3.22
312,Hojai,IN,2022-07-16 15:35:56,26.0,92.8667,83.61,84,44,2.66
313,Boulder,US,2022-07-16 15:34:32,40.0833,-105.3505,80.29,46,0,14.0
314,San Miguel,SV,2022-07-16 15:35:56,13.4833,-88.1833,83.86,83,0,2.3
315,Caravelas,BR,2022-07-16 15:35:57,-17.7125,-39.2481,79.56,55,98,7.7
316,Fukuma,JP,2022-07-16 15:35:57,33.7667,130.4667,77.29,79,61,8.41
317,Grand-Lahou,CI,2022-07-16 15:35:57,5.1367,-5.0242,77.43,86,99,12.12
318,Juneau,US,2022-07-16 15:36:58,58.3019,-134.4197,59.22,91,100,4.61
319,Awjilah,LY,2022-07-16 15:36:58,29.1081,21.2869,95.5,18,0,9.86
320,Zhangjiakou,CN,2022-07-16 15:36:58,40.81,114.8794,74.95,36,6,5.86
321,Catamarca,AR,2022-07-16 15:36:59,-28.4696,-65.7852,50.77,54,46,4.0
322,Alofi,NU,2022-07-16 15:36:59,-19.0595,-169.9187,71.49,88,73,5.75
323,Pochinki,RU,2022-07-16 15:36:59,54.6988,44.8668,70.65,68,53,4.76
324,Gisborne,NZ,2022-07-16 15:36:59,-38.6533,178.0042,43.5,86,10,4.9
325,Aklavik,CA,2022-07-16 15:37:00,68.2191,-135.0107,55.4,67,75,6.91
326,Laibin,CN,2022-07-16 15:37:00,23.7,109.2667,81.52,87,100,5.17
327,Quatre Cocos,MU,2022-07-16 15:37:00,-20.2078,57.7625,70.09,66,4,15.1
328,Antofagasta,CL,2022-07-16 15:32:26,-23.65,-70.4,65.21,47,0,12.08
329,Priiskovyy,RU,2022-07-16 15:37:01,51.9333,116.6333,63.1,96,100,4.0
330,Wangqing,CN,2022-07-16 15:37:01,43.3218,129.7634,62.85,99,100,2.17
331,Bambous Virieux,MU,2022-07-16 15:37:02,-20.3428,57.7575,70.21,73,40,10.36
332,Ponta Delgada,PT,2022-07-16 15:37:02,37.7333,-25.6667,74.12,73,20,9.22
333,Port-Cartier,CA,2022-07-16 15:37:03,50.0334,-66.8654,68.22,59,100,5.82
334,Pareora,NZ,2022-07-16 15:37:03,-44.4871,171.2132,35.19,51,2,7.49
335,Iracoubo,GF,2022-07-16 15:37:03,5.4802,-53.2011,84.6,68,9,7.36
336,Bac Giang,VN,2022-07-16 15:37:04,21.2667,106.2,87.87,87,54,9.15
337,Praya,CV,2022-07-16 15:37:04,14.9215,-23.5087,81.14,69,20,8.05
338,Seydi,TM,2022-07-16 15:37:04,39.4816,62.9137,95.34,8,0,11.68
339,Visnes,NO,2022-07-16 15:37:04,59.3556,5.2242,59.83,62,40,12.66
340,Narsaq,GL,2022-07-16 15:37:05,60.9167,-46.05,46.62,89,100,4.83
341,Moron,AR,2022-07-16 15:37:05,-34.6534,-58.6198,50.02,81,100,13.06
342,Chalus,IR,2022-07-16 15:37:05,36.655,51.4204,83.66,74,0,4.61
343,Terme,TR,2022-07-16 15:37:06,41.2092,36.9739,76.93,79,42,13.51
344,Mogadishu,SO,2022-07-16 15:37:06,2.0371,45.3438,76.6,81,60,18.68
345,Balangir,IN,2022-07-16 15:37:06,20.7167,83.4833,80.55,84,100,5.53
346,Ketchikan,US,2022-07-16 15:35:19,55.3422,-131.6461,55.87,94,100,3.44
347,Black River,JM,2022-07-16 15:37:07,18.0264,-77.8487,87.37,57,37,6.64
348,Baruun-Urt,MN,2022-07-16 15:37:07,46.6806,113.2792,57.92,88,100,11.54
349,Pasighat,IN,2022-07-16 15:37:07,28.0667,95.3333,83.41,85,68,2.59
350,Lyngseidet,NO,2022-07-16 15:37:08,69.5763,20.2189,51.8,98,100,7.63
351,Rivadavia,AR,2022-07-16 15:37:08,-33.1905,-68.4608,44.28,52,6,9.55
352,Natal,BR,2022-07-16 15:32:41,-5.795,-35.2094,84.42,74,40,17.27
353,Chatra,IN,2022-07-16 15:32:34,24.2167,84.8667,84.54,65,1,11.43
354,Mudgee,AU,2022-07-16 15:37:08,-32.5943,149.5871,42.62,84,0,2.35
355,San Vicente,AR,2022-07-16 15:37:09,-26.6167,-54.1333,71.82,57,100,9.78
356,Ganzhou,CN,2022-07-16 15:37:09,28.8184,115.4327,84.33,75,100,5.41
357,Dicabisagan,PH,2022-07-16 15:37:09,17.0818,122.4157,80.06,89,100,2.98
358,Kutum,SD,2022-07-16 15:37:10,14.2,24.6667,86.4,31,80,13.42
359,Sarahan,IN,2022-07-16 15:37:10,31.5167,77.8,65.59,87,57,2.46
360,Krasnofarfornyy,RU,2022-07-16 15:37:10,59.1364,31.8502,62.58,56,47,7.07
361,Usinsk,RU,2022-07-16 15:37:11,65.9939,57.5281,67.84,90,98,7.94
362,Chapeco,BR,2022-07-16 15:38:11,-27.0964,-52.6183,73.15,64,100,18.41
363,Namibe,AO,2022-07-16 15:38:11,-15.1961,12.1522,68.32,83,3,9.31
364,Lasa,IT,2022-07-16 15:38:12,46.6166,10.7002,85.08,39,50,2.73
365,Torbay,CA,2022-07-16 15:38:12,47.6666,-52.7314,72.88,51,40,10.36
366,Cap Malheureux,MU,2022-07-16 15:38:12,-19.9842,57.6142,70.47,69,11,5.01
367,Kaduy,RU,2022-07-16 15:38:13,59.2,37.15,63.28,67,55,4.41
368,Shingu,JP,2022-07-16 15:38:13,33.7333,135.9833,74.59,94,79,3.98
369,Sola,VU,2022-07-16 15:38:13,-13.8833,167.55,77.67,100,60,6.91
370,Cherskiy,RU,2022-07-16 15:38:13,68.75,161.3,36.7,88,9,8.03
371,Shelburne,CA,2022-07-16 15:38:14,44.0787,-80.2041,77.9,52,0,4.5
372,Baghmara,IN,2022-07-16 15:38:14,23.795,86.2085,85.23,69,55,9.91
373,Hereford,GB,2022-07-16 15:38:14,52.0568,-2.7148,83.68,40,86,1.01
374,Binuangan,PH,2022-07-16 15:38:15,8.9153,124.7883,75.42,82,96,6.96
375,Ormara,PK,2022-07-16 15:38:15,25.2088,64.6357,87.87,67,100,7.18
376,Mayya,RU,2022-07-16 15:38:15,61.7333,130.2811,70.92,84,49,4.63
377,Maceio,BR,2022-07-16 15:33:25,-9.6658,-35.7353,76.44,88,75,11.5
378,Chokurdakh,RU,2022-07-16 15:38:16,70.6333,147.9167,43.81,84,53,8.75
379,Kathmandu,NP,2022-07-16 15:34:54,27.7167,85.3167,77.22,78,75,3.44
380,Statesboro,US,2022-07-16 15:37:18,32.4488,-81.7832,85.8,61,0,3.44
381,Bengkulu,ID,2022-07-16 15:38:17,-3.8004,102.2655,77.34,86,100,3.85
382,Bar Harbor,US,2022-07-16 15:38:17,44.3876,-68.2039,81.34,55,0,5.75
383,Olafsvik,IS,2022-07-16 15:38:17,64.8945,-23.7142,51.33,87,98,4.41
384,Kalmunai,LK,2022-07-16 15:38:18,7.4167,81.8167,83.14,73,100,3.65
385,Oga,IT,2022-07-16 15:38:18,46.4631,10.347,77.68,40,32,5.53
386,Kununurra,AU,2022-07-16 15:38:18,-15.7667,128.7333,55.38,82,13,3.44
387,Katangli,RU,2022-07-16 15:38:19,51.7102,143.2326,48.24,97,15,6.82
388,Dawei,MM,2022-07-16 15:38:19,14.0833,98.2,77.79,90,91,4.18
389,Sorland,NO,2022-07-16 15:38:19,67.667,12.6934,55.26,82,100,11.43
390,Beloha,MG,2022-07-16 15:38:20,-25.1667,45.05,66.24,72,2,16.89
391,Krasnoufimsk,RU,2022-07-16 15:38:20,56.6059,57.7669,66.06,83,25,6.15
392,Parbatipur,BD,2022-07-16 15:38:20,25.6649,88.9247,90.09,60,40,6.8
393,Marica,BR,2022-07-16 15:36:04,-22.9194,-42.8186,84.15,55,66,3.58
394,Banda Aceh,ID,2022-07-16 15:38:21,5.5577,95.3222,80.29,82,85,11.32
395,Maniitsoq,GL,2022-07-16 15:38:21,65.4167,-52.9,40.33,87,100,14.16
396,Abha,SA,2022-07-16 15:37:54,18.2164,42.5053,76.82,44,40,11.5
397,Jinchang,CN,2022-07-16 15:38:21,38.4953,102.1739,66.94,44,100,8.16
398,Vila Velha,BR,2022-07-16 15:35:05,-20.3297,-40.2925,84.15,62,20,13.8
399,Shitanjing,CN,2022-07-16 15:38:22,39.2342,106.3439,74.23,24,99,7.52
400,Umm Lajj,SA,2022-07-16 15:38:22,25.0213,37.2685,87.03,58,0,11.48
401,Margate,GB,2022-07-16 15:38:22,51.3813,1.3862,76.1,61,35,1.01
402,San Carlos,VE,2022-07-16 15:37:59,9.6612,-68.5827,88.59,56,63,3.29
403,Dhidhdhoo,MV,2022-07-16 15:38:23,6.8833,73.1,82.17,81,41,10.6
404,Vilcun,CL,2022-07-16 15:38:23,-38.65,-72.2333,34.54,81,99,8.59
405,Niamey,NE,2022-07-16 15:38:24,13.5137,2.1098,82.69,74,20,11.5
406,Bandarbeyla,SO,2022-07-16 15:39:24,9.4942,50.8122,78.78,74,82,34.27
407,Arman,RU,2022-07-16 15:39:24,59.7,150.1667,57.02,98,92,2.48
408,Faanui,PF,2022-07-16 15:37:22,-16.4833,-151.75,77.04,69,23,25.5
409,Ambon,ID,2022-07-16 15:39:25,-3.6954,128.1814,79.23,14,40,2.3
410,Copiapo,CL,2022-07-16 15:39:25,-27.3667,-70.3333,51.49,37,0,3.47
411,Rancho Palos Verdes,US,2022-07-16 15:39:26,33.7445,-118.387,79.81,93,100,4.61
412,Can Tho,VN,2022-07-16 15:39:26,10.0333,105.7833,76.98,100,40,0.0
413,Egvekinot,RU,2022-07-16 15:39:26,66.3167,-179.1667,44.06,89,100,3.96
414,Kibre Mengist,ET,2022-07-16 15:39:27,5.8833,38.9833,59.45,89,100,3.58
415,General Roca,AR,2022-07-16 15:39:27,-39.0333,-67.5833,41.63,57,40,17.27
416,Sawtell,AU,2022-07-16 15:39:27,-30.3833,153.1,53.62,76,46,9.22
417,Huilong,CN,2022-07-16 15:39:27,31.8111,121.655,81.93,90,100,6.82
418,Loreto,MX,2022-07-16 15:34:33,22.2667,-101.9667,64.78,62,100,6.8
419,Bonthe,SL,2022-07-16 15:39:28,7.5264,-12.505,80.42,79,70,10.78
420,Freetown,SL,2022-07-16 15:35:13,8.484,-13.2299,80.35,79,89,9.17
421,Lac Du Bonnet,CA,2022-07-16 15:39:28,50.2536,-96.0612,79.12,66,98,6.29
422,Fukue,JP,2022-07-16 15:39:29,32.6881,128.8419,78.44,82,100,7.11
423,Calama,CL,2022-07-16 15:39:29,-22.4667,-68.9333,61.29,11,0,4.61
424,Fort Frances,CA,2022-07-16 15:39:29,48.5999,-93.4003,75.16,65,75,0.0
425,Coihaique,CL,2022-07-16 15:39:30,-45.5752,-72.0662,36.21,86,75,3.44
426,Ostrovnoy,RU,2022-07-16 15:39:30,68.0531,39.5131,65.12,79,99,5.1
427,Leh,IN,2022-07-16 15:39:30,34.1667,77.5833,62.62,53,94,6.02
428,Port Hawkesbury,CA,2022-07-16 15:39:30,45.6169,-61.3485,80.91,58,0,10.36
429,Thompson,CA,2022-07-16 15:39:31,55.7435,-97.8558,73.56,49,40,2.3
430,Chuy,UY,2022-07-16 15:39:31,-33.6971,-53.4616,51.28,94,100,13.98
431,Nanga Eboko,CM,2022-07-16 15:39:31,4.6833,12.3667,76.33,87,63,2.35
432,Carman,CA,2022-07-16 15:39:32,49.4992,-98.0016,72.9,88,61,4.61
433,Scarborough,GB,2022-07-16 15:38:37,54.2797,-0.4044,76.57,59,56,13.0
434,Khani,GE,2022-07-16 15:39:32,41.9563,42.9566,63.97,98,87,3.76
435,Portland,US,2022-07-16 15:38:08,45.5234,-122.6762,65.8,82,100,7.0
436,Oriximina,BR,2022-07-16 15:39:33,-1.7656,-55.8661,90.19,52,82,5.01
437,Mackay,AU,2022-07-16 15:39:33,-21.15,149.2,61.68,83,65,12.1
438,Busayra,JO,2022-07-16 15:39:33,30.7376,35.6078,78.49,32,0,11.52
439,Harrisonburg,US,2022-07-16 15:36:51,38.4496,-78.8689,77.81,85,100,0.0
440,Sterling,US,2022-07-16 15:39:34,39.0062,-77.4286,86.16,69,75,5.75
441,Honavar,IN,2022-07-16 15:39:34,14.2833,74.45,79.45,83,100,10.85
442,Itarema,BR,2022-07-16 15:39:34,-2.9248,-39.9167,87.96,53,22,15.03
443,Fallon,US,2022-07-16 15:39:35,39.4735,-118.7774,85.44,30,0,11.5
444,Mindif,CM,2022-07-16 15:39:35,10.3976,14.4363,80.94,71,97,3.6
445,Niesky,DE,2022-07-16 15:39:35,51.2924,14.8211,72.01,59,52,14.85
446,Bathsheba,BB,2022-07-16 15:39:36,13.2167,-59.5167,77.61,94,75,21.85
447,Opuwo,NA,2022-07-16 15:39:36,-18.0607,13.84,75.88,19,0,11.01
448,Sioux Lookout,CA,2022-07-16 15:39:36,50.1001,-91.917,78.87,57,75,4.61
449,Haines Junction,CA,2022-07-16 15:39:36,60.7522,-137.5108,48.15,87,100,1.14
450,Sobolevo,RU,2022-07-16 15:39:37,54.4299,31.8996,58.8,84,100,8.66
451,Temir,KZ,2022-07-16 15:39:37,49.1414,57.13,80.73,41,27,11.16
452,Calvinia,ZA,2022-07-16 15:40:38,-31.4707,19.776,63.79,26,1,8.28
453,Sept-Iles,CA,2022-07-16 15:40:38,50.2001,-66.3821,68.52,62,100,4.61
454,Ghanzi,BW,2022-07-16 15:40:38,-21.5667,21.7833,62.8,27,0,9.26
455,Nagato,JP,2022-07-16 15:40:38,34.3833,131.2,75.06,85,18,6.31
456,Porto Novo,BJ,2022-07-16 15:40:39,6.4965,2.6036,80.42,74,100,12.28
457,Saint-Joseph,RE,2022-07-16 15:40:39,-21.3667,55.6167,66.58,75,41,13.47
458,Dvinskoy,RU,2022-07-16 15:40:39,62.1535,45.1175,66.81,67,73,1.45
459,Tailai,CN,2022-07-16 15:40:40,46.3833,123.4,67.3,90,30,6.4
460,Mujiayingzi,CN,2022-07-16 15:40:40,42.1167,118.7833,66.9,87,78,1.83
461,Hohhot,CN,2022-07-16 15:36:16,40.8106,111.6522,77.29,29,0,6.71
462,Flinders,AU,2022-07-16 15:40:40,-34.5833,150.8552,53.38,64,0,7.0
463,Sandviken,SE,2022-07-16 15:40:41,60.6167,16.7667,52.48,71,100,11.77
464,Yamada,JP,2022-07-16 15:40:41,39.4667,141.95,71.1,97,100,4.45
465,Dunedin,NZ,2022-07-16 15:40:41,-45.8742,170.5036,42.8,57,9,1.99
466,Hervey Bay,AU,2022-07-16 15:40:42,-25.2986,152.8535,63.86,61,96,4.25
467,Sibiti,CG,2022-07-16 15:40:42,-3.6819,13.3499,86.14,35,20,4.36
468,Leningradskiy,RU,2022-07-16 15:40:42,69.3833,178.4167,34.83,89,100,10.42
469,Ribeira Grande,PT,2022-07-16 15:40:43,38.5167,-28.7,77.4,73,20,16.11
470,Stornoway,GB,2022-07-16 15:37:17,58.2093,-6.3865,59.94,87,100,19.57
471,Honiara,SB,2022-07-16 15:40:43,-9.4333,159.95,76.35,87,86,8.28
472,Casablanca,MA,2022-07-16 15:37:05,33.5928,-7.6192,86.22,69,40,9.22
473,Tacuarembo,UY,2022-07-16 15:40:44,-31.7333,-55.9833,50.32,95,100,14.09
474,Methoni,GR,2022-07-16 15:40:44,36.8197,21.7049,93.22,60,0,11.48
475,Strezhevoy,RU,2022-07-16 15:40:44,60.7333,77.5889,54.21,85,79,3.94
476,Port Macquarie,AU,2022-07-16 15:40:44,-31.4333,152.9167,43.9,67,73,7.78
477,Tilichiki,RU,2022-07-16 15:40:45,60.4667,166.1,48.34,91,98,5.28
478,Elko,US,2022-07-16 15:40:45,41.0002,-115.5012,75.22,35,0,5.01
479,Jiblah,YE,2022-07-16 15:40:45,13.9216,44.1467,72.3,48,100,8.01
480,Rio Gallegos,AR,2022-07-16 15:40:46,-51.6226,-69.2181,30.25,80,75,2.3
481,Solnechnyy,RU,2022-07-16 15:40:46,50.7214,136.6319,62.64,88,39,3.36
482,Cabedelo,BR,2022-07-16 15:40:46,-6.9811,-34.8339,79.47,82,80,18.81
483,Young,UY,2022-07-16 15:40:46,-32.6833,-57.6333,48.79,87,100,14.54
484,Mecca,SA,2022-07-16 15:37:54,21.4267,39.8261,94.3,22,67,12.12
485,Verkhneyarkeyevo,RU,2022-07-16 15:40:47,55.4505,54.3145,69.85,83,19,7.02
486,Komsomolskiy,UZ,2022-07-16 15:40:47,40.4272,71.7189,93.92,18,0,4.61
487,Biak,ID,2022-07-16 15:40:48,-0.9131,122.8766,75.16,83,100,4.41
488,Sam Roi Yot,TH,2022-07-16 15:40:48,12.2708,99.872,80.19,80,71,8.32
489,Rudbar,AF,2022-07-16 15:40:48,30.15,62.6,100.49,9,3,5.5
490,Sitka,US,2022-07-16 15:40:48,57.0531,-135.33,55.29,88,100,4.61
491,Hay River,CA,2022-07-16 15:40:49,60.8156,-115.7999,62.58,72,88,2.3
492,Zatyshshya,UA,2022-07-16 15:40:49,47.3335,29.8733,79.93,34,44,11.01
493,Siguiri,GN,2022-07-16 15:40:49,11.6667,-9.5,84.63,63,91,4.43
494,Edson,CA,2022-07-16 15:39:46,53.5835,-116.4356,64.54,63,75,4.61
495,Elizabeth City,US,2022-07-16 15:39:13,36.2946,-76.2511,86.02,76,20,4.61
496,Palauig,PH,2022-07-16 15:40:50,15.435,119.9045,79.61,87,100,2.98
497,Shache,CN,2022-07-16 15:40:50,38.4167,77.2406,84.88,18,99,2.21
498,Novoorsk,RU,2022-07-16 15:40:50,51.381,58.9813,81.25,64,34,8.5
499,Mittagong,AU,2022-07-16 15:40:51,-34.45,150.45,46.2,64,0,11.16
500,Aripuana,BR,2022-07-16 15:40:46,-9.1667,-60.6333,94.75,35,44,2.04
501,Tomatlan,MX,2022-07-16 15:41:51,19.9333,-105.25,87.1,57,87,2.42
502,Ouesso,CG,2022-07-16 15:41:52,1.6136,16.0517,81.19,66,98,0.58
503,Tabuk,PH,2022-07-16 15:41:52,17.4189,121.4443,76.12,91,100,3.13
504,Vila,PT,2022-07-16 15:41:52,42.0304,-8.1588,70.68,22,84,4.74
505,Somerset,US,2022-07-16 15:38:09,40.5668,-74.5496,86.85,64,20,3.44
506,Dongsheng,CN,2022-07-16 15:41:53,39.8161,109.9776,71.53,30,96,13.78
507,Broken Hill,AU,2022-07-16 15:38:47,-31.95,141.4333,47.91,30,0,16.58
508,Baffa,PK,2022-07-16 15:41:53,34.4378,73.2194,80.04,61,1,3.85
509,Tamandare,BR,2022-07-16 15:41:54,-8.7597,-35.1047,78.17,80,49,13.96
510,Barra Do Garcas,BR,2022-07-16 15:41:54,-15.89,-52.2567,88.38,40,20,4.61
511,Sumbe,AO,2022-07-16 15:41:54,-11.2061,13.8437,71.67,79,26,8.9
512,Sierra Vista,US,2022-07-16 15:39:20,31.5545,-110.3037,83.77,48,0,11.5
513,Tiksi,RU,2022-07-16 15:41:55,71.6872,128.8694,44.62,82,99,3.31
514,Zyryanka,RU,2022-07-16 15:41:55,65.75,150.85,58.91,73,58,12.26
515,Rawlins,US,2022-07-16 15:41:55,41.7911,-107.2387,72.36,49,0,13.8
516,Majene,ID,2022-07-16 15:41:55,-3.5403,118.9707,78.17,87,100,11.25
517,Bolshaya Glushitsa,RU,2022-07-16 15:41:56,50.2406,43.5908,79.9,40,85,3.65
518,Zilupe,LV,2022-07-16 15:41:56,56.3862,28.1217,59.32,86,76,6.35
519,Aksarka,RU,2022-07-16 15:41:56,66.5606,67.7975,62.6,58,1,8.77
520,Wanaka,NZ,2022-07-16 15:41:57,-44.7,169.15,31.1,82,14,1.99
521,Saiha,IN,2022-07-16 15:41:57,22.4833,92.9667,73.76,97,60,2.15
522,Mizdah,LY,2022-07-16 15:41:57,31.4451,12.9801,93.06,18,0,4.43
523,Parkes,AU,2022-07-16 15:41:57,-33.1333,148.1833,43.27,68,0,13.8
524,Lyubinskiy,RU,2022-07-16 15:41:58,55.1542,72.6925,71.28,79,94,8.19
525,Camacha,PT,2022-07-16 15:41:58,33.0833,-16.3333,69.22,78,75,11.5
526,Peniche,PT,2022-07-16 15:41:58,39.3558,-9.3811,83.08,72,13,11.34
527,Lagoa,PT,2022-07-16 15:41:59,39.05,-27.9833,70.36,87,0,9.6
528,Tongren,CN,2022-07-16 15:41:59,27.7172,109.1853,82.31,83,100,2.42
529,Mitsamiouli,KM,2022-07-16 15:41:59,-11.3847,43.2844,79.09,69,20,14.97
530,Anadyr,RU,2022-07-16 15:42:00,64.75,177.4833,55.9,71,20,11.18
531,Soyo,AO,2022-07-16 15:42:00,-6.1349,12.3689,74.52,75,9,10.13
532,Yura,PE,2022-07-16 15:42:00,-16.2522,-71.6797,61.32,22,0,4.61
533,Saint-Pierre,RE,2022-07-16 15:42:00,-21.3393,55.4781,69.91,80,75,20.71
534,Da Nang,VN,2022-07-16 15:42:01,16.0678,108.2208,80.58,83,20,2.3
535,Butterworth,MY,2022-07-16 15:42:01,5.3991,100.3638,84.0,87,20,0.0
536,Port Hardy,CA,2022-07-16 15:42:01,50.6996,-127.4199,53.78,100,75,0.0
537,Fonte Boa,BR,2022-07-16 15:42:02,-2.4959,-66.2662,89.02,54,44,4.09
538,Fuerte Olimpo,PY,2022-07-16 15:42:02,-21.0415,-57.8738,92.82,34,100,12.77
539,Darab,IR,2022-07-16 15:42:02,28.7519,54.5444,92.48,19,14,2.33
540,Klaksvik,FO,2022-07-16 15:42:02,62.2266,-6.589,52.72,97,100,16.91
541,Banfora,BF,2022-07-16 15:42:03,10.6333,-4.7667,81.28,69,99,3.31
542,Bokoro,TD,2022-07-16 15:42:03,12.3807,17.0568,84.6,60,96,4.61
543,Chintamani,IN,2022-07-16 15:42:03,13.4,78.0667,70.14,81,96,15.61
544,Fengxian,CN,2022-07-16 15:42:04,34.7039,116.5872,76.24,97,100,4.63
545,Stavern,NO,2022-07-16 15:42:04,59.0,10.0333,70.32,67,7,19.19
546,Keuruu,FI,2022-07-16 15:42:04,62.2667,24.7,57.79,90,73,6.78
547,Vanavara,RU,2022-07-16 15:42:04,60.34,102.2797,53.29,76,90,1.45
548,Foam Lake,CA,2022-07-16 15:42:05,51.65,-103.5343,75.22,70,0,4.56
549,Srednekolymsk,RU,2022-07-16 15:42:05,67.45,153.6833,55.11,73,98,7.25
550,Kilakarai,IN,2022-07-16 15:43:05,9.2333,78.7833,86.29,60,100,16.87
551,Inhambane,MZ,2022-07-16 15:43:06,-23.865,35.3833,67.98,77,75,5.75
552,Mmabatho,ZA,2022-07-16 15:43:06,-25.85,25.6333,66.16,27,0,8.05
553,Dudinka,RU,2022-07-16 15:43:06,69.4058,86.1778,70.63,58,1,10.07
554,Villa Maria,AR,2022-07-16 15:43:07,-32.4075,-63.2402,41.59,90,100,20.8
555,Rovaniemi,FI,2022-07-16 15:41:54,66.5,25.7167,67.41,55,22,9.22
556,Wanning,CN,2022-07-16 15:43:07,18.8003,110.3967,82.18,88,100,10.18
557,Birjand,IR,2022-07-16 15:43:08,32.8663,59.2211,88.27,5,0,21.85
558,Cockburn Town,TC,2022-07-16 15:38:42,21.4612,-71.1419,85.96,66,40,17.27
559,Altay,CN,2022-07-16 15:43:08,47.8667,88.1167,65.52,49,8,5.39
560,Bubaque,GW,2022-07-16 15:43:08,11.2833,-15.8333,80.85,81,15,12.88
561,Muravlenko,RU,2022-07-16 15:43:09,63.7898,74.523,62.67,49,6,6.11
562,Taltal,CL,2022-07-16 15:43:09,-25.4,-70.4833,61.03,42,0,8.63
563,Lixourion,GR,2022-07-16 15:43:09,38.2019,20.4314,93.2,38,0,9.22
564,Mahebourg,MU,2022-07-16 15:43:10,-20.4081,57.7,70.25,73,40,10.36
565,Ponta Pora,BR,2022-07-16 15:43:10,-22.5361,-55.7256,80.51,50,75,16.11
566,Teguise,ES,2022-07-16 15:43:10,29.0605,-13.564,75.42,61,20,18.41
567,Shirokiy,RU,2022-07-16 15:43:10,49.758,129.523,63.77,92,98,7.65
568,Vila Do Maio,CV,2022-07-16 15:43:11,15.1333,-23.2167,81.39,80,13,5.06
569,Samarai,PG,2022-07-16 15:43:11,-10.6167,150.6667,79.38,79,83,16.55
570,Waingapu,ID,2022-07-16 15:43:12,-9.6567,120.2641,73.65,85,23,9.64
571,Half Moon Bay,US,2022-07-16 15:43:12,37.4636,-122.4286,71.58,87,100,0.0
572,Henties Bay,NA,2022-07-16 15:43:12,-22.116,14.2845,71.69,42,0,8.59
573,Miraflores,MX,2022-07-16 15:43:13,19.2167,-98.8083,65.03,60,89,0.94
574,Korcula,HR,2022-07-16 15:43:13,42.9622,17.1369,79.83,56,0,2.33
575,Isla Vista,US,2022-07-16 15:43:13,34.4133,-119.861,85.91,82,0,3.44
576,Pemangkat,ID,2022-07-16 15:43:13,1.1667,108.9667,80.62,82,95,9.31
577,Waddan,LY,2022-07-16 15:43:14,29.1614,16.139,93.16,14,0,11.45
578,Chapais,CA,2022-07-16 15:43:14,49.7834,-74.8492,60.58,45,83,13.13
579,Goure,NE,2022-07-16 15:43:14,13.9835,10.2704,91.81,38,97,9.13
580,Babstovo,RU,2022-07-16 15:43:15,48.1167,132.4833,63.12,98,100,5.32
581,Aguimes,ES,2022-07-16 15:43:15,27.9054,-15.4461,74.66,65,20,28.77
582,Grand Island,US,2022-07-16 15:38:44,40.925,-98.342,81.61,86,20,9.22
583,Oyama,JP,2022-07-16 15:43:15,36.3,139.8,76.59,94,100,4.47
584,Kilindoni,TZ,2022-07-16 15:43:16,-7.9139,39.6668,76.32,69,96,17.74
585,Aswan,EG,2022-07-16 15:43:16,24.0934,32.907,103.3,10,0,16.11
586,Tashigang,BT,2022-07-16 15:43:16,27.3331,91.5542,73.18,95,65,1.48
587,Gualaquiza,EC,2022-07-16 15:43:17,-3.4,-78.55,71.37,86,55,1.61
588,Vestmanna,FO,2022-07-16 15:43:17,62.1564,-7.1664,50.92,100,100,8.05
589,Aitape,PG,2022-07-16 15:43:17,-3.1374,142.3475,78.42,88,100,9.35
590,Ballina,AU,2022-07-16 15:43:17,-28.8667,153.5667,50.77,79,1,8.55
